"商品SKU","JAN","SET数","短縮名","品名コード","商品名(マスタ)"
"0840006666110-1","0840006666110","1","ｺﾙｾｱ","ｺﾙｾｱ(1)6110","CORSAIR VENGEANCE RGB DDR5 32GB（16GB×2）最大 6000MHz対応 Intel RAM(0840006666110-1)"
"pr_1295997_20260529_31005393_0001","4957180182193","1","ｱｲｵｰﾃﾞｰﾀ","ｱｲｵｰﾃﾞｰﾀ(1)2193","IODATA USBメモリ 256GB Type-A/C 両対応 U3C-STD256G/KUE(pr_1295997_20260529_31005393_0001)"
"4549550394826-1","4549550394826","1","ｴﾚｺﾑ","ｴﾚｺﾑ(1)4826","エレコム microSDXCカード 256GB microSD Express規格対応 UHS-I IPX7 NINTENDO SWITCH2対応検証済 MF-MSE256GU13R(4549550394826-1)"
"3792-000634","4981254057810","1","ﾊﾞｯﾌｧﾛｰ","ﾊﾞｯﾌｧﾛｰ(1)7810","バッファロー SSD-PUT1.0U3-BKA PC／TV／PS4向けUSB3.2(Gen.1)対応 スティック型SSD 1TB(3792-000634)"
"4901301426352","4901301426352","2","ｱﾀｯｸ","ｱﾀｯｸ(2)6352","【地震・災害や旅行に】アタック どこでも袋でお洗たく 5L 1袋～4袋 4901301426352(3792-000298)"
"4901301426352-3","4901301426352","3","ｱﾀｯｸ","ｱﾀｯｸ(3)6352","【地震・災害や旅行に】アタック どこでも袋でお洗たく 5L 1袋～4袋 4901301426352(3792-000298)"
"4901301426352-4","4901301426352","4","ｱﾀｯｸ","ｱﾀｯｸ(4)6352","【地震・災害や旅行に】アタック どこでも袋でお洗たく 5L 1袋～4袋 4901301426352(3792-000298)"
"3792-000451-2","4901730170871","2","ﾆｭｰﾄﾛｼﾞｰﾅ","ﾆｭｰﾄﾛｼﾞｰﾅ(2)0871","【★ポイント10倍★】ニュートロジーナ  インテンスリペア ボディクリーム ボディローション ボディミルク 保湿クリーム  超乾燥肌用 無香料  450ml 4901730170871(3792-000451)"
"3792-000451-3","4901730170871","3","ﾆｭｰﾄﾛｼﾞｰﾅ","ﾆｭｰﾄﾛｼﾞｰﾅ(3)0871","【★ポイント10倍★】ニュートロジーナ  インテンスリペア ボディクリーム ボディローション ボディミルク 保湿クリーム  超乾燥肌用 無香料  450ml 4901730170871(3792-000451)"
"3792-000451-5","4901730170871","5","ﾆｭｰﾄﾛｼﾞｰﾅ","ﾆｭｰﾄﾛｼﾞｰﾅ(5)0871","【★ポイント10倍★】ニュートロジーナ  インテンスリペア ボディクリーム ボディローション ボディミルク 保湿クリーム  超乾燥肌用 無香料  450ml 4901730170871(3792-000451)"
"SKU000525--5","4903301302452","5","ｿﾌﾗﾝ","ｿﾌﾗﾝ(5)2452","【まとめ買い】乾燥機用ソフラン 乾燥機 柔軟剤シート 静電気除去シート ほんのりお日さまの香り 25枚入り　4903301302452(3792-000525)"
"SKU000525-1","4903301302452","1","ｿﾌﾗﾝ","ｿﾌﾗﾝ(1)2452","【まとめ買い】乾燥機用ソフラン 乾燥機 柔軟剤シート 静電気除去シート ほんのりお日さまの香り 25枚入り　4903301302452(3792-000525)"
"SKU000525-15","4903301302452","15","ｿﾌﾗﾝ","ｿﾌﾗﾝ(15)2452","【まとめ買い】乾燥機用ソフラン 乾燥機 柔軟剤シート 静電気除去シート ほんのりお日さまの香り 25枚入り　4903301302452(3792-000525)"
"SKU000525-2","4903301302452","2","ｿﾌﾗﾝ","ｿﾌﾗﾝ(2)2452","【まとめ買い】乾燥機用ソフラン 乾燥機 柔軟剤シート 静電気除去シート ほんのりお日さまの香り 25枚入り　4903301302452(3792-000525)"
"SKU000525-4","4903301302452","4","ｿﾌﾗﾝ","ｿﾌﾗﾝ(4)2452","【まとめ買い】乾燥機用ソフラン 乾燥機 柔軟剤シート 静電気除去シート ほんのりお日さまの香り 25枚入り　4903301302452(3792-000525)"
"3792-000645","4906918203839","1","ﾒﾙﾃｯｸ","ﾒﾙﾃｯｸ(1)3839","［安心の日本企業］メルテック(meltec) 車載用 レスキューハンマー 緊急脱出用シートベルトカッター付 Meltecガラス割り 水没時 事故等 FT-16(3792-000645)"
"4560292291457-12","4560292291457","1","ﾚｯﾄﾞﾌﾞﾙ","ﾚｯﾄﾞﾌﾞﾙ(1)1457","レッドブル エナジードリンク 473ml×12本(4560292291457-12)"
"4903301163077-3","4903301163077","3","ﾌﾟﾛﾃｸｿｰﾌﾟ","ﾌﾟﾛﾃｸｿｰﾌﾟ(3)3077","【まとめ買い】PRO TEC(プロテク) デオドラントソープ 詰め替え330ml×3個 + デオドラントソープ1回分おまけ付(4903301163077-3)"
"4903301231189-3","4903301231189","3","ﾌﾟﾛﾃｸｼｬﾝﾌﾟｰ","ﾌﾟﾛﾃｸｼｬﾝﾌﾟｰ(3)1189","【まとめ買い】PRO TEC(プロテク) (医薬部外品)頭皮ストレッチ シャンプー 詰め替え230g×3個+デオドラントソープ1回分おまけ付 4903301231189(4903301163077-3)"
"4903301344209-3","4903301344209","3","ｴｱﾘｽ","ｴｱﾘｽ(3)4209","ライオン ソフランエアリス バルコニー 詰替 850ml (3)(4903301344209-3)"
"pr_1295997_20260305_29865224_0001","4901301430007","4","ﾊﾐﾝｸﾞ","ﾊﾐﾝｸﾞ(4)0007","ハミングフレア リッチ&フローラルの香りつめかえ大容量2500ml×4個【ケース販売】(pr_1295997_20260305_29865224_0001)"
"4U-RNBT-LAM4","4571139236722","3","ｳﾙﾌﾋﾟｰ","ｳﾙﾌﾋﾟｰ(3)6722","【登山中の最強クマよけ】害獣忌避 ウルフピー（ＷＯＬＦＰＥＥ） 熊の点滴 オオカミ尿１００％ (3)(4U-RNBT-LAM4)"
"H4-JT7O-51ZL","4571139236722","2","ｳﾙﾌﾋﾟｰ","ｳﾙﾌﾋﾟｰ(2)6722","【登山中の最強クマよけ】害獣忌避 ウルフピー（ＷＯＬＦＰＥＥ） 熊の点滴 オオカミ尿１００％ (2)(H4-JT7O-51ZL)"
"E2-04BX-08XC","4571139236722","4","ｳﾙﾌﾋﾟｰ","ｳﾙﾌﾋﾟｰ(4)6722","【登山中の最強クマよけ】害獣忌避 ウルフピー（ＷＯＬＦＰＥＥ） 熊の点滴 オオカミ尿１００％ (4)(e2-04bx-08xc)"
"3B-KVI5-KMKV","4571139236722","1","ｳﾙﾌﾋﾟｰ","ｳﾙﾌﾋﾟｰ(1)6722","【登山中の最強クマよけ】害獣忌避 ウルフピー（ＷＯＬＦＰＥＥ） 熊の点滴 オオカミ尿１００％ (1)(3B-KVI5-KMKV)"
"HE-H54R-1CUT","4901301426352","3","ｱﾀｯｸ","ｱﾀｯｸ(3)6352","【災害時の洗濯に】アタックどこでも袋でお洗たく (ワンパックアタックZERO 液体洗剤３袋付き (3)(HE-H54R-1CUT)"
"QS-EW9M-HNEL","4903301302452","3","ｿﾌﾗﾝ","ｿﾌﾗﾝ(3)2452","【まとめ買い】乾燥機用 ソ フラン 乾燥機 柔軟剤シート 静電気除去シート ほんのりお日さまの香り 25枚 (3個)(QS-EW9M-HNEL)"
"DC-1I65-WH3S","4903301302452","2","ｿﾌﾗﾝ","ｿﾌﾗﾝ(2)2452","【まとめ買い】乾燥機用 ソ フラン 乾燥機 柔軟剤シート 静電気除去シート ほんのりお日さまの香り 25枚 (2個)(meru3792-000525)"
"K3-R7HY-3UMX","4903301302452","1","ｿﾌﾗﾝ","ｿﾌﾗﾝ(1)2452","【まとめ買い】乾燥機用 ソ フラン 乾燥機 柔軟剤シート 静電気除去 シート 25枚 (1個)(meru3792-000525-15)"
"meru3792-000525-5-5-1","4903301302452","5","ｿﾌﾗﾝ","ｿﾌﾗﾝ(5)2452","【5個セット】乾燥機用ソフラン 乾燥機 柔軟剤シート 静電気除去シート ほんのりお日さまの香り 25枚入り　4903301302452"
"4987176395580-1","4987176395580","1","ｵｰﾙﾄﾞｽﾊﾟｲｽ","ｵｰﾙﾄﾞｽﾊﾟｲｽ(1)5580","オールドスパイス [正規品] ウルフソーン フレグランスバー 45mL(4987176395580-1)"
"pr_1295997_20260831_32250610_0001","4987176395580","1","ｵｰﾙﾄﾞｽﾊﾟｲｽ","ｵｰﾙﾄﾞｽﾊﾟｲｽ(1)5580","オールドスパイス [正規品] ウルフソーン フレグランスバー 45mL(pr_1295997_20260831_32250610_0001)"
