,,メモ行1
""
,,No.,商品名,親ASIN,JAN,SET数,親ASIN-2,親JAN-2,SET-2,子ASIN,半グレ,容量違い(メモ),販-実績,親,商品管理番号,商品SKU,親,商品番号,残在庫,P原価,,,サイズ,梱包資材,備考欄
,,No.00001,単品A,,4900000001001,1,,,,,,,,,A-1,A-1,,,,,,,,,
,,No.00002,単品Aの3個セット,,4900000001001,3,,,,,,,,,A-1,A-1-3,,,,,,,,,
,,No.00003,ケース販売B,,4900000002008,1,,,,,,,,,B-12,B-12,,,,,,,,,
,,No.00004,親子セットC,,4900000003005,2,B0PARENT01,4900000009999,3,,,,,,,C-SET,セットC（親名）,,,,,,,,
,,No.00005,旧商品D,,4900000004002,1,,,,,,,,,,D-OLD,,,,,MIG-D,,,,
,,No.00006,新商品D,,4900000005009,4,,,,,,,,,,D-NEW,新商品D（親名）,,,,,MIG-D,,,
,,No.00007,JANなしE,,,2,,,,,,,,,,E-1,,,,,,,,,
,,No.00008,小文字SKU,,4900000006006,1,,,,,,,,,,f-lower,,,,,,,,,
