"注文日時","配送方法(複数配送先)","チェック項目","販売店舗","GoQ管理番号","お荷物伝票番号","送付先郵便番号","送付先住所（全て）","送付先氏名","商品名","個数","JANコード","合計金額","受注番号","注文者氏名","商品コード","SKU管理番号","商品URL","商品SKU"
"2026-09-29 10:00:00","ヤマト運輸","","","1001","","","","テスト 様","単品A","1","","","","","A-1","","","A-1"
"2026-09-29 10:00:00","ヤマト運輸","ネコポス","","1002","","","","テスト 様","単品A 3個","2","","","","","A-1-3","","","A-1-3"
"2026-09-29 10:00:00","ヤマト運輸","","","1003","","","","テスト 様","ケースB","1","","","","","B-12","","","B-12"
"2026-09-29 10:00:00","ヤマト運輸","","","1003","","","","テスト 様","単品A","3","","","","","A-1","","","A-1"
"2026-09-29 10:00:00","ヤマト運輸","","","1004","","","","テスト 様","親子C","2","","","","","X1","","","C-SET"
"2026-09-29 10:00:00","ヤマト運輸","宅急便コンパクト","","1005","","","","テスト 様","旧D","1","","","","","X2","","","D-OLD"
"2026-09-29 10:00:00","ヤマト運輸","","","1006","","","","テスト 様","JANなし","2","","","","","E-1","","","E-1"
"2026-09-29 10:00:00","ヤマト運輸","","","1007","","","","テスト 様","大文字で注文","3","","","","","X3","","","F-LOWER"
"2026-09-29 10:00:00","ヤマト運輸","","","1008","","","","テスト 様","マスタ無し","1","","","","","ZZZ","","","ZZZ"
"2026-09-29 10:00:00","ヤマト運輸","","","1009","","","","テスト 様","SKU空で管理番号","2","","","","","D-NEW","D-NEW","",""
"2026-09-29 10:00:00","ヤマト運輸","","","1010","","","","テスト 様","個数0","0","","","","","A-1","","","A-1"
"2026-09-29 10:00:00","ヤマト運輸","","","1011","","","","テスト 様","引用符""とカンマ,と
改行","1","","","","","B-12","","","B-12"
